"","Week","Pos","Team","fdsal_weighted","fdpts_sum"
"1",1,"QB","ari",7681.52173310492,27.6
"2",1,"QB","atl",7800,24.9
"3",1,"QB","bal",9269.09220735524,27.76
"4",1,"QB","buf",7900,28.18
"5",1,"QB","car",6800,19.4
"6",1,"QB","chi",6900,24.28
"7",1,"QB","cin",6600,17.32
"8",1,"QB","cle",7000,10.86
"9",1,"QB","dal",8400,17.64
"10",1,"QB","den",6700,13.14
"11",1,"QB","det",7300,17.18
"12",1,"QB","gnb",7610.47119888435,30.56
"13",1,"QB","hou",8200,21.82
"14",1,"QB","ind",7199.99999286564,16.82
"15",1,"QB","jac",6700,20.82
"16",1,"QB","kan",9500,20.44
"17",1,"QB","lac",7000,9.02
"18",1,"QB","lar",7400,11.5
"19",1,"QB","lvr",7100,13.56
"20",1,"QB","mia",6399.99999763033,8.44
"21",1,"QB","min",7200,22.76
"22",1,"QB","nor",8100,14.4
"23",1,"QB","nwe",7399.99999455253,25.7
"24",1,"QB","nyg",7200,19.36
"25",1,"QB","nyj",6800,12.2
"26",1,"QB","phi",7700,15
"27",1,"QB","pit",7800,22.06
"28",1,"QB","sea",8400,31.78
"29",1,"QB","sfo",7300,19.26
"30",1,"QB","tam",7500,22.46
"31",1,"QB","ten",7000,19.36
"32",1,"QB","was",6500,12.82
"33",1,"RB","ari",5847.05881787774,25.5
"34",1,"RB","atl",6452.80896342002,17.8
"35",1,"RB","bal",5509.60451729707,17.7
"36",1,"RB","buf",5449.99999583333,18
"37",1,"RB","car",9979.62956919067,27
"38",1,"RB","chi",5606.61763808932,13.6
"39",1,"RB","cin",6146.15382847633,10.4
"40",1,"RB","cle",6278.34393048805,15.7
"41",1,"RB","dal",8202.63157037743,30.4
"42",1,"RB","den",6223.23231429446,19.8
"43",1,"RB","det",5129.0456422565,24.1
"44",1,"RB","gnb",6447.68681925001,28.1
"45",1,"RB","hou",6236.36362369146,19.8
"46",1,"RB","ind",5213.94799064825,42.3
"47",1,"RB","jac",4557.65766022238,11.1
"48",1,"RB","kan",6744.16664176389,24
"49",1,"RB","lac",5862.96295884774,21.6
"50",1,"RB","lar",5132.44147358754,29.9
"51",1,"RB","lvr",7474.17838545372,42.6
"52",1,"RB","mia",4988.65979152939,19.4
"53",1,"RB","min",7485.94245996897,31.3
"54",1,"RB","nor",7757.81246667481,25.6
"55",1,"RB","nwe",5436.90986358563,23.3
"56",1,"RB","nyg",8226.72405080262,11.6
"57",1,"RB","nyj",5193.02325709843,17.2
"58",1,"RB","phi",4766.6666625,9.6
"59",1,"RB","pit",5006.7567606282,14.8
"60",1,"RB","sea",6506.41024126397,31.2
"61",1,"RB","sfo",5619.4444391268,43.2
"62",1,"RB","tam",5911.38211516954,12.3
"63",1,"RB","ten",8149.99993141026,15.6
"64",1,"RB","was",4815.94202730519,20.7
"65",1,"TE","ari",4200.00000645161,3.1
"66",1,"TE","atl",5299.99997924528,5.3
"67",1,"TE","bal",7231.48147007888,21.6
"68",1,"TE","buf",4699.99998888889,3.6
"69",1,"TE","car",4842.85712897959,3.5
"70",1,"TE","chi",4999.999987,10
"71",1,"TE","cin",4537.66233408669,7.7
"72",1,"TE","cle",4616.66667244444,15
"73",1,"TE","dal",5300,1.7
"74",1,"TE","den",5400,16.6
"75",1,"TE","det",5299.99999361702,14.1
"76",1,"TE","gnb",4200,0
"77",1,"TE","hou",4342.02898634741,13.8
"78",1,"TE","ind",5300,6.4
"79",1,"TE","jac",4600,1.3
"80",1,"TE","kan",7800,14
"81",1,"TE","lac",5747.78759826925,11.3
"82",1,"TE","lar",5585.07461537091,6.7
"83",1,"TE","lvr",6695.12189530042,8.2
"84",1,"TE","mia",5399.99997111111,4.5
"85",1,"TE","min",5081.48147846365,5.4
"86",1,"TE","nor",5620.89354952247,15.22
"87",1,"TE","nwe",4100,0
"88",1,"TE","nyg",5126.08696408318,4.6
"89",1,"TE","nyj",4699.99999148936,4.7
"90",1,"TE","phi",5674.48979779259,29.4
"91",1,"TE","pit",4845.16128095734,3.1
"92",1,"TE","sea",4827.94116756055,13.6
"93",1,"TE","sfo",7999.99994794521,7.3
"94",1,"TE","tam",4822.62773819063,13.7
"95",1,"TE","ten",4578.68020032467,19.7
"96",1,"TE","was",4300,0
"97",1,"WR","ari",7282.14282781888,28
"98",1,"WR","atl",6656.48853963522,65.5
"99",1,"WR","bal",5309.43952375458,33.9
"100",1,"WR","buf",5907.58292951304,42.2
"101",1,"WR","car",5834.48275091009,37.7
"102",1,"WR","chi",5588.50855298031,40.9
"103",1,"WR","cin",5757.92347319418,18.3
"104",1,"WR","cle",6112.98698983808,15.4
"105",1,"WR","dal",6321.07140740561,28
"106",1,"WR","den",4906.24999417969,16
"107",1,"WR","det",5230.74073917421,27
"108",1,"WR","gnb",6558.77192766621,68.4
"109",1,"WR","hou",5735.96490140428,22.8
"110",1,"WR","ind",5537.2294307959,23.1
"111",1,"WR","jac",5130.20833267958,38.4
"112",1,"WR","kan",6299.99998403361,35.7
"113",1,"WR","lac",6099.40118324788,16.7
"114",1,"WR","lar",6484.26964636199,26.7
"115",1,"WR","lvr",4992.99065203293,21.4
"116",1,"WR","mia",5552.48617589817,18.1
"117",1,"WR","min",6283.97931416047,38.7
"118",1,"WR","nor",5890.7407342364,16.2
"119",1,"WR","nwe",6227.5167413585,14.9
"120",1,"WR","nyg",5325.84269296806,35.6
"121",1,"WR","nyj",5932.79350459932,24.7
"122",1,"WR","phi",5151.42856881633,17.5
"123",1,"WR","pit",6123.26621500433,44.7
"124",1,"WR","sea",6213.80207746039,38.4
"125",1,"WR","sfo",5421.31145106155,6.1
"126",1,"WR","tam",6400.68728143385,29.1
"127",1,"WR","ten",5364.98194539744,27.7
"128",1,"WR","was",5659.34064814636,18.2
"129",2,"QB","ari",7999.999993965,33.14
"130",2,"QB","atl",7700,28.52
"131",2,"QB","bal",9500,17.56
"132",2,"QB","buf",8200,34.48
"133",2,"QB","car",6900,10.68
"134",2,"QB","chi",7200,15.2
"135",2,"QB","cin",6800,24.54
"136",2,"QB","cle",6900,16.26
"137",2,"QB","dal",8299.99999422111,39.8
"138",2,"QB","den",5954.69256089868,18.54
"139",2,"QB","det",7200,17.16
"140",2,"QB","gnb",7910.21504343855,18.6
"141",2,"QB","hou",7900,15.7
"142",2,"QB","ind",7100,11.86
"143",2,"QB","jac",7000,25.46
"144",2,"QB","kan",9000,27.48
"145",2,"QB","lac",6100,23.24
"146",2,"QB","lar",7300,23.98
"147",2,"QB","lvr",6800,21.58
"148",2,"QB","mia",6500,24.32
"149",2,"QB","min",7400,1.52
"150",2,"QB","nor",8200,15.48
"151",2,"QB","nwe",7800,35.58
"152",2,"QB","nyg",6900,8.74
"153",2,"QB","nyj",6600,11.86
"154",2,"QB","phi",7300,14.38
"155",2,"QB","pit",7500,19.24
"156",2,"QB","sea",8100,34.42
"157",2,"QB","sfo",6978.76343509727,14.88
"158",2,"QB","tam",7600,9.68
"159",2,"QB","ten",7000,26.76
"160",2,"QB","was",6500,11.72
"161",2,"RB","ari",6263.15787451524,13.3
"162",2,"RB","atl",5774.19352905827,12.4
"163",2,"RB","bal",5455.68181584452,35.2
"164",2,"RB","buf",5319.57671387139,18.9
"165",2,"RB","car",8279.0054996795,36.2
"166",2,"RB","chi",5488.38173707409,24.1
"167",2,"RB","cin",6294.87177830375,15.6
"168",2,"RB","cle",6518.01618608894,49.4
"169",2,"RB","dal",8341.74755687624,20.6
"170",2,"RB","den",6470.11493367684,17.4
"171",2,"RB","det",5173.47825872212,23
"172",2,"RB","gnb",7105.6880606922,54.5
"173",2,"RB","hou",7199.99986666668,6
"174",2,"RB","ind",5578.60261643752,22.9
"175",2,"RB","jac",5093.93939164371,29.7
"176",2,"RB","kan",7073.18835874816,13.8
"177",2,"RB","lac",6308.24742193644,29.1
"178",2,"RB","lar",4992.43028176378,25.1
"179",2,"RB","lvr",6118.55669321572,29.1
"180",2,"RB","mia",4938.18181413223,22
"181",2,"RB","min",8244.6235794456,18.6
"182",2,"RB","nor",7803.35729325317,41.7
"183",2,"RB","nwe",4783.66013376052,15.3
"184",2,"RB","nyg",5434.14635303391,16.4
"185",2,"RB","nyj",5029.90653439602,10.7
"186",2,"RB","phi",6443.44261258062,24.4
"187",2,"RB","pit",6961.82791802521,18.6
"188",2,"RB","sea",6691.23503918351,25.1
"189",2,"RB","sfo",5632.63706850343,38.3
"190",2,"RB","tam",5802.75688643853,39.9
"191",2,"RB","ten",7691.99991032001,10
"192",2,"RB","was",4946.78362724941,17.1
"193",2,"TE","ari",4400,3.6
"194",2,"TE","atl",5700,15.7
"195",2,"TE","bal",6507.99997768,5
"196",2,"TE","buf",4700,2.3
"197",2,"TE","car",5000,0
"198",2,"TE","chi",4904.99999475,4
"199",2,"TE","cin",4541.58415800412,20.2
"200",2,"TE","cle",5500,3.2
"201",2,"TE","den",5300,15.7
"202",2,"TE","det",5599.99998170732,8.2
"203",2,"TE","gnb",4291.34615121117,10.4
"204",2,"TE","hou",4447.54098363343,18.3
"205",2,"TE","jac",4600,11.1
"206",2,"TE","kan",7800,19.5
"207",2,"TE","lac",6099.99998230088,11.3
"208",2,"TE","lar",5799.99999420849,25.9
"209",2,"TE","lvr",6709.9566994809,23.1
"210",2,"TE","mia",5200,23
"211",2,"TE","min",4600.00004999999,0.8
"212",2,"TE","nor",5739.28569805485,11.2
"213",2,"TE","nwe",4299.99999310345,2.9
"214",2,"TE","nyg",5835.57690796968,10.4
"215",2,"TE","nyj",5099.99990000002,1
"216",2,"TE","phi",5958.11965712616,11.7
"217",2,"TE","pit",4851.51514692378,6.6
"218",2,"TE","sea",4699.99997857143,1.4
"219",2,"TE","sfo",4781.39534714981,21.5
"220",2,"TE","tam",4800,1.6
"221",2,"TE","ten",4720.06920262928,28.9
"222",2,"TE","was",4700,4.6
"223",2,"WR","ari",6454.74998981562,40
"224",2,"WR","atl",6581.514464835,44.9
"225",2,"WR","bal",5292.02126882922,18.8
"226",2,"WR","buf",6028.5266393869,63.8
"227",2,"WR","car",6219.82505562988,34.3
"228",2,"WR","chi",5189.95633646384,22.9
"229",2,"WR","cin",5304.30107116719,37.2
"230",2,"WR","cle",6129.92422556962,26.4
"231",2,"WR","dal",5887.1390981028,38.1
"232",2,"WR","den",5477.0609237908,27.9
"233",2,"WR","det",5359.58903959467,29.2
"234",2,"WR","gnb",6197.36842477839,19
"235",2,"WR","hou",5228.13852307865,23.1
"236",2,"WR","ind",5140.09433962042,21.2
"237",2,"WR","jac",5323.58722157755,40.7
"238",2,"WR","kan",6842.85711600907,31.5
"239",2,"WR","lac",5928.09916523803,24.2
"240",2,"WR","lar",6180.63491078357,31.5
"241",2,"WR","lvr",4825.34562568328,21.7
"242",2,"WR","mia",5535.04822086724,31.1
"243",2,"WR","min",5635.82087851415,13.4
"244",2,"WR","nor",5007.65027251038,18.3
"245",2,"WR","nwe",5659.32583551319,44.5
"246",2,"WR","nyg",5254.24527890931,21.2
"247",2,"WR","nyj",4547.53086577122,32.4
"248",2,"WR","phi",5315.75756618917,16.5
"249",2,"WR","pit",5510.94736896044,47.5
"250",2,"WR","sea",5842.35727261615,54.3
"251",2,"WR","sfo",5220.28983984457,13.8
"252",2,"WR","tam",6623.65590404671,27.9
"253",2,"WR","ten",4743.98625334727,29.1
"254",2,"WR","was",6058.7458581065,30.3
"255",3,"QB","ari",8399.9999902834,24.7
"256",3,"QB","atl",7800,12.42
"257",3,"QB","bal",9400,14.18
"258",3,"QB","buf",8100,32.24
"259",3,"QB","car",6700,14.6
"260",3,"QB","chi",6791.05058436413,30.84
"261",3,"QB","cin",7399.99999313052,20.38
"262",3,"QB","cle",7100,14.34
"263",3,"QB","dal",8500,29.48
"264",3,"QB","den",6455.41400946793,12.56
"265",3,"QB","det",7300,18.5
"266",3,"QB","gnb",7900,24.52
"267",3,"QB","hou",8000,18.06
"268",3,"QB","ind",6949.1017896841,13.36
"269",3,"QB","jac",7700,10.2
"270",3,"QB","kan",9000,40
"271",3,"QB","lac",7200,15.7
"272",3,"QB","lar",7200,28.24
"273",3,"QB","lvr",6800,15.44
"274",3,"QB","mia",7000,24.7
"275",3,"QB","min",7100,21.44
"276",3,"QB","nor",8000,23.52
"277",3,"QB","nwe",7700,12.18
"278",3,"QB","nyg",6900,9.06
"279",3,"QB","nyj",6600,9.72
"280",3,"QB","phi",7547.32509672983,24.3
"281",3,"QB","pit",7500,19.18
"282",3,"QB","sea",8700,36.8
"283",3,"QB","sfo",6500,17.72
"284",3,"QB","tam",7300,23.88
"285",3,"QB","ten",7400,13.24
"286",3,"QB","was",6600,12.16
"287",3,"RB","ari",5984.37499633789,12.8
"288",3,"RB","atl",5577.33332271111,30
"289",3,"RB","bal",5542.10525587653,13.3
"290",3,"RB","buf",5741.50941153435,15.9
"291",3,"RB","car",5884.05795916824,20.7
"292",3,"RB","chi",5586.666657,12
"293",3,"RB","cin",5937.93102404281,14.5
"294",3,"RB","cle",7092.50644607228,38.7
"295",3,"RB","dal",8999.99997162162,14.8
"296",3,"RB","den",5713.59223080403,10.3
"297",3,"RB","det",5155.70469887843,14.9
"298",3,"RB","gnb",7437.31339577486,20.1
"299",3,"RB","hou",6674.99995078125,12.8
"300",3,"RB","ind",5853.48836837029,25.8
"301",3,"RB","jac",6197.3684093875,34.2
"302",3,"RB","kan",6601.2658016664,23.7
"303",3,"RB","lac",7275.99999616,30
"304",3,"RB","lar",5781.3725419406,20.4
"305",3,"RB","lvr",6406.1728183661,16.2
"306",3,"RB","mia",5521.08106807889,18.5
"307",3,"RB","min",8014.72598193962,29.2
"308",3,"RB","nor",8119.91148367335,45.2
"309",3,"RB","nwe",5038.10444767424,51.7
"310",3,"RB","nyg",5389.79590083299,4.9
"311",3,"RB","nyj",4877.9661015034,17.7
"312",3,"RB","phi",7156.4285395051,14
"313",3,"RB","pit",6529.49150085608,29.5
"314",3,"RB","sea",6813.04344165092,13.8
"315",3,"RB","sfo",5331.71355133797,39.1
"316",3,"RB","tam",5566.4429458673,14.9
"317",3,"RB","ten",7948.02863766267,27.9
"318",3,"RB","was",5237.76595578033,18.8
"319",3,"TE","ari",4300,1.6
"320",3,"TE","atl",5700,6.6
"321",3,"TE","bal",5402.80374667657,10.7
"322",3,"TE","car",4600,1.4
"323",3,"TE","chi",5099.99999523809,21
"324",3,"TE","cin",4800,0.6
"325",3,"TE","cle",4607.40741004801,10.8
"326",3,"TE","dal",4900,6.8
"327",3,"TE","den",5800,7.1
"328",3,"TE","det",5400,7.3
"329",3,"TE","gnb",4369.88847505701,26.9
"330",3,"TE","hou",4999.99999210526,3.8
"331",3,"TE","ind",5000.0000016,12.5
"332",3,"TE","jac",4900,2.1
"333",3,"TE","kan",7800,11.7
"334",3,"TE","lac",6000,7.5
"335",3,"TE","lar",5443.85964572176,11.4
"336",3,"TE","lvr",6599.99987894738,1.9
"337",3,"TE","mia",5317.39128204159,9.2
"338",3,"TE","min",4500.00000123457,8.1
"339",3,"TE","nor",7156.52149262763,2.3
"340",3,"TE","nwe",4100,0
"341",3,"TE","nyg",5310.90907960331,5.5
"342",3,"TE","nyj",4999.999975,3.6
"343",3,"TE","phi",6097.43589064212,11.7
"344",3,"TE","pit",4566.31015918385,18.7
"345",3,"TE","sea",5055.44554246643,10.1
"346",3,"TE","sfo",4555.8823567474,10.2
"347",3,"TE","tam",4864.78873218607,14.2
"348",3,"TE","ten",5599.99998255814,8.6
"349",3,"TE","was",4900,5.1
"350",3,"WR","ari",6348.89433821997,40.7
"351",3,"WR","atl",6409.60852331657,28.1
"352",3,"WR","bal",4887.40157923616,12.7
"353",3,"WR","buf",5629.86666245547,37.5
"354",3,"WR","car",5828.8537408177,25.3
"355",3,"WR","chi",6120.51280763852,42.9
"356",3,"WR","cin",5238.41335839148,47.9
"357",3,"WR","cle",6344.20287118253,13.8
"358",3,"WR","dal",5479.32960743578,71.6
"359",3,"WR","den",4795.73643110691,25.8
"360",3,"WR","det",6884.32200880674,23.6
"361",3,"WR","gnb",5579.50819041588,24.4
"362",3,"WR","hou",5454.91183583234,39.7
"363",3,"WR","ind",5557.89472742382,15.2
"364",3,"WR","jac",5356.38297190471,18.8
"365",3,"WR","kan",6527.64043558238,44.5
"366",3,"WR","lac",6591.34613347202,31.2
"367",3,"WR","lar",6569.63122484131,46.1
"368",3,"WR","lvr",4936.76012321794,32.1
"369",3,"WR","mia",5740.32257176769,24.8
"370",3,"WR","min",5524.61538256805,39
"371",3,"WR","nor",5989.20186405255,21.3
"372",3,"WR","nwe",5257.894723704,13.3
"373",3,"WR","nyg",5155.41400396771,15.7
"374",3,"WR","nyj",4957.14285328798,18.9
"375",3,"WR","phi",4716.800001264,25
"376",3,"WR","pit",6204.95867099242,24.2
"377",3,"WR","sea",6592.69230005621,52
"378",3,"WR","sfo",4968.83116706443,30.8
"379",3,"WR","tam",7080.47492553588,37.9
"380",3,"WR","ten",4830.87719068636,28.5
"381",3,"WR","was",5269.23076434363,35.1
"382",4,"QB","ari",8400,23.12
"383",4,"QB","atl",7700,12.4
"384",4,"QB","bal",9699.52605134656,25.32
"385",4,"QB","buf",8600,25.42
"386",4,"QB","car",6800,27.24
"387",4,"QB","chi",7100,12.86
"388",4,"QB","cin",7400,16.1
"389",4,"QB","cle",7000,15.2
"390",4,"QB","dal",8200,38.28
"391",4,"QB","den",6500,15.08
"392",4,"QB","det",7199.99999485861,23.34
"393",4,"QB","gnb",8006.78425368532,29.48
"394",4,"QB","hou",7800,20.9
"395",4,"QB","ind",6700,11.2
"396",4,"QB","jac",7400,21.94
"397",4,"QB","kan",8700,20.24
"398",4,"QB","lac",6700,24
"399",4,"QB","lar",7500,11.7
"400",4,"QB","lvr",6900,20.44
"401",4,"QB","mia",7100,23.3
"402",4,"QB","min",6800,14.9
"403",4,"QB","nor",7700,16.54
"404",4,"QB","nwe",6000,7.7
"405",4,"QB","nyg",6600,11.1
"406",4,"QB","nyj",6681.51814907988,24.24
"407",4,"QB","phi",7110.81750197508,24.22
"408",4,"QB","sea",9000,21.9
"409",4,"QB","sfo",6355.02958498477,13.52
"410",4,"QB","tam",7300,33.46
"411",4,"QB","was",6500,18.86
"412",4,"RB","ari",5671.87500597656,16
"413",4,"RB","atl",5999.99998713235,27.2
"414",4,"RB","bal",5945.67898809633,16.2
"415",4,"RB","buf",5999.99997204969,16.1
"416",4,"RB","car",5582.30088098259,33.9
"417",4,"RB","chi",5799.99998586957,9.2
"418",4,"RB","cin",6707.31706336109,41
"419",4,"RB","cle",5713.5211243166,35.5
"420",4,"RB","dal",7408.01526291591,26.2
"421",4,"RB","den",6912.59258546228,27
"422",4,"RB","det",5364.4897951287,24.5
"423",4,"RB","gnb",6888.51539228554,35.7
"424",4,"RB","hou",5959.25923804298,16.2
"425",4,"RB","ind",6227.54490190039,16.7
"426",4,"RB","jac",6599.99995433071,12.7
"427",4,"RB","kan",7348.14807043896,10.8
"428",4,"RB","lac",5340.21739281663,9.2
"429",4,"RB","lar",5681.45160609391,12.4
"430",4,"RB","lvr",6526.31576114958,15.2
"431",4,"RB","mia",5093.42104429536,15.2
"432",4,"RB","min",7982.25348672882,35.5
"433",4,"RB","nor",6715.9420189281,41.4
"434",4,"RB","nwe",5007.22891474331,24.9
"435",4,"RB","nyg",5190.68322383396,16.1
"436",4,"RB","nyj",5175.32467238995,7.7
"437",4,"RB","phi",7642.35283330104,8.5
"438",4,"RB","sea",6992.96185961335,34.1
"439",4,"RB","sfo",5874.35896539557,23.4
"440",4,"RB","tam",5159.99999456604,26.5
"441",4,"RB","was",5310.9489020699,27.4
"442",4,"TE","ari",4300,5.9
"443",4,"TE","atl",5700,7.1
"444",4,"TE","bal",7189.3203753464,20.6
"445",4,"TE","buf",4639.53488420768,4.3
"446",4,"TE","car",4400,7.5
"447",4,"TE","chi",5299.99997735849,5.3
"448",4,"TE","cin",4700,6.2
"449",4,"TE","cle",4873.29545314437,17.6
"450",4,"TE","dal",4900,15.2
"451",4,"TE","den",5899.99997166667,6
"452",4,"TE","det",5186.66666390124,13.5
"453",4,"TE","gnb",5099.99999772727,30.8
"454",4,"TE","hou",4798.91304241493,9.2
"455",4,"TE","ind",5085.95040943925,12.1
"456",4,"TE","jac",4800,3.2
"457",4,"TE","kan",7600,8.5
"458",4,"TE","lac",6100,4.9
"459",4,"TE","lar",4896.77419791883,9.3
"460",4,"TE","lvr",5573.36447981265,21.4
"461",4,"TE","mia",4633.333335,6
"462",4,"TE","min",4799.99999189189,3.7
"463",4,"TE","nor",4690.3225748179,3.1
"464",4,"TE","nwe",4100,0
"465",4,"TE","nyg",5318.74998828125,8
"466",4,"TE","nyj",4373.17073545509,4.1
"467",4,"TE","phi",5489.89899010305,9.9
"468",4,"TE","sea",4882.35293923875,8.5
"469",4,"TE","sfo",7499.99999141104,32.6
"470",4,"TE","tam",4885.53459263478,15.9
"471",4,"TE","was",4900,1.3
"472",4,"WR","ari",6625.38068818831,19.7
"473",4,"WR","atl",5624.44445427161,27
"474",4,"WR","bal",5698.90708582221,18.3
"475",4,"WR","buf",5696.86800362146,44.7
"476",4,"WR","car",6018.53145310773,28.6
"477",4,"WR","chi",6103.91564571237,33.2
"478",4,"WR","cin",5483.55703959281,29.8
"479",4,"WR","cle",6363.72226316523,48.68
"480",4,"WR","dal",6096.93250923068,65.2
"481",4,"WR","den",5392.81608431926,34.8
"482",4,"WR","det",6557.39908122424,22.3
"483",4,"WR","gnb",4983.4710698313,12.1
"484",4,"WR","hou",5641.1411345174,33.3
"485",4,"WR","ind",5158.38925682176,14.9
"486",4,"WR","jac",6040.12096149072,49.6
"487",4,"WR","kan",6629.93194870887,29.4
"488",4,"WR","lac",5300.84033276134,35.7
"489",4,"WR","lar",6669.11194731444,25.9
"490",4,"WR","lvr",4850.38759534283,25.8
"491",4,"WR","mia",5663.58023555098,32.4
"492",4,"WR","min",6493.91302501575,34.5
"493",4,"WR","nor",5381.81817600801,36.3
"494",4,"WR","nwe",5124.72726891504,27.5
"495",4,"WR","nyg",5112.9032216025,15.5
"496",4,"WR","nyj",5358.38925855592,29.8
"497",4,"WR","phi",4633.64055283612,21.7
"498",4,"WR","sea",5726.87338706074,38.7
"499",4,"WR","sfo",5412.82050479947,23.4
"500",4,"WR","tam",6116.40448771771,44.5
"501",4,"WR","was",5787.71329782059,29.3
"502",5,"QB","ari",8300,27.3
"503",5,"QB","atl",7700,7.94
"504",5,"QB","bal",8920.13886847029,14.4
"505",5,"QB","buf",8299.16665625868,19.2
"506",5,"QB","car",7100,20.82
"507",5,"QB","chi",7100,12.62
"508",5,"QB","cin",7300,5.32
"509",5,"QB","cle",6800,17.58
"510",5,"QB","dal",8297.80218622952,16.38
"511",5,"QB","hou",7900,26.86
"512",5,"QB","ind",6900,7.62
"513",5,"QB","jac",7200,19.84
"514",5,"QB","kan",9000,30.7
"515",5,"QB","lac",7000,27.36
"516",5,"QB","lar",7500,25.36
"517",5,"QB","lvr",6900,24.98
"518",5,"QB","mia",7100,27.6
"519",5,"QB","min",6800,15.16
"520",5,"QB","nor",7600,22.1
"521",5,"QB","nyg",7000,8.18
"522",5,"QB","nyj",6000,13.8
"523",5,"QB","phi",7157.10029238232,20.14
"524",5,"QB","pit",7400,21.36
"525",5,"QB","sea",8600,25.48
"526",5,"QB","sfo",6110.52632279163,6.84
"527",5,"QB","tam",7500,14.12
"528",5,"QB","ten",7000,30
"529",5,"QB","was",6000,11.24
"530",5,"RB","ari",6025.32894753073,30.4
"531",5,"RB","atl",6246.8438392446,30.1
"532",5,"RB","bal",5370.12194463117,16.4
"533",5,"RB","buf",4886.44067940247,17.7
"534",5,"RB","car",6791.76468833218,25.5
"535",5,"RB","chi",5799.99999155844,15.4
"536",5,"RB","cin",6744.36087042795,13.3
"537",5,"RB","cle",6625.82157369349,21.3
"538",5,"RB","dal",8351.47057756272,27.2
"539",5,"RB","hou",6084.67150117747,13.7
"540",5,"RB","ind",6655.13511910592,18.5
"541",5,"RB","jac",5779.54543319559,13.2
"542",5,"RB","kan",6918.70499298691,13.9
"543",5,"RB","lac",5532.71603808109,16.2
"544",5,"RB","lar",5774.06143098231,29.3
"545",5,"RB","lvr",6696.50536347844,37.2
"546",5,"RB","mia",5252.19122785353,25.1
"547",5,"RB","min",7404.06974238271,34.4
"548",5,"RB","nor",7774.12277194521,22.8
"549",5,"RB","nyg",5359.02438275074,20.5
"550",5,"RB","nyj",5794.11763252595,10.2
"551",5,"RB","phi",7463.79307891647,23.2
"552",5,"RB","pit",6639.877252151,16.3
"553",5,"RB","sea",7578.14203053242,18.3
"554",5,"RB","sfo",5886.23481363897,24.7
"555",5,"RB","tam",5829.62962156378,13.5
"556",5,"RB","ten",7776.2711630135,23.6
"557",5,"RB","was",5290.32257631634,15.5
"558",5,"TE","ari",4200,0
"559",5,"TE","atl",5700,1.8
"560",5,"TE","bal",7344.44442425563,15.3
"561",5,"TE","buf",4599.99999,2
"562",5,"TE","car",4400,0
"563",5,"TE","chi",5399.99998796296,10.8
"564",5,"TE","cin",4600,3.2
"565",5,"TE","cle",5117.20428546653,9.3
"566",5,"TE","dal",4617.24138846611,2.9
"567",5,"TE","hou",4700,12.7
"568",5,"TE","ind",4600.00002068965,5.8
"569",5,"TE","jac",4500,3.1
"570",5,"TE","kan",7800,20.8
"571",5,"TE","lac",5999.99998349515,10.3
"572",5,"TE","lar",4666.66667474747,13.2
"573",5,"TE","lvr",6520.80533984956,14.9
"574",5,"TE","mia",5045.65217178639,18.4
"575",5,"TE","min",4345.45454756658,9.9
"576",5,"TE","nor",5631.84078758447,20.1
"577",5,"TE","nyg",5335.2941071511,10.2
"578",5,"TE","nyj",4799.99997941177,3.4
"579",5,"TE","phi",5011.76472871972,3.4
"580",5,"TE","pit",4957.89472603878,5.7
"581",5,"TE","sea",4614.67889959599,10.9
"582",5,"TE","sfo",7099.99995625,6.4
"583",5,"TE","tam",4946.32352946583,13.6
"584",5,"TE","ten",5567.12328294865,21.9
"585",5,"TE","was",4900,0.9
"586",5,"WR","ari",6944.31816212293,44
"587",5,"WR","atl",7694.54540694215,22
"588",5,"WR","bal",5663.29112482508,23.7
"589",5,"WR","buf",5692.68292106484,41
"590",5,"WR","car",6067.28109446155,43.4
"591",5,"WR","chi",6071.42855190999,27.3
"592",5,"WR","cin",5579.73854262463,15.3
"593",5,"WR","cle",5568.4696541099,30.32
"594",5,"WR","dal",5753.79273512563,37.44
"595",5,"WR","hou",5563.23232016937,49.5
"596",5,"WR","ind",5093.16239156987,23.4
"597",5,"WR","jac",5166.02409920453,41.5
"598",5,"WR","kan",6608.83976534752,36.2
"599",5,"WR","lac",5761.22930920533,42.3
"600",5,"WR","lar",6476.84562186501,29.8
"601",5,"WR","lvr",5115.83113281445,37.9
"602",5,"WR","mia",5502.33917159639,34.2
"603",5,"WR","min",6812.49998359375,32
"604",5,"WR","nor",5432.36362813884,27.5
"605",5,"WR","nyg",5719.48051048519,23.1
"606",5,"WR","nyj",5937.41721109381,30.2
"607",5,"WR","phi",4665.50218414409,45.8
"608",5,"WR","pit",5136.30705861986,48.2
"609",5,"WR","sea",6697.58307253676,33.1
"610",5,"WR","sfo",5457.59162025986,19.1
"611",5,"WR","tam",6326.0869484142,20.7
"612",5,"WR","ten",6022.31403434192,24.2
"613",5,"WR","was",5948.07682999261,5.2
"614",6,"QB","ari",8400,28.92
"615",6,"QB","atl",7400,31.64
"616",6,"QB","bal",9000,28.24
"617",6,"QB","buf",8600,16.08
"618",6,"QB","car",6900,11.44
"619",6,"QB","chi",6900,17.32
"620",6,"QB","cin",7100,17.72
"621",6,"QB","cle",6797.80219125709,9.1
"622",6,"QB","dal",7000,13.04
"623",6,"QB","den",6700,5.46
"624",6,"QB","det",7300,13.32
"625",6,"QB","gnb",8399.99995862069,5.8
"626",6,"QB","hou",8200,32
"627",6,"QB","ind",6800,25.74
"628",6,"QB","jac",7200,18.62
"629",6,"QB","kan",9000,20.6
"630",6,"QB","lar",7700,15.92
"631",6,"QB","mia",7376.52173286389,18.4
"632",6,"QB","min",7100,26.72
"633",6,"QB","nwe",8000,19.98
"634",6,"QB","nyg",6700,14.88
"635",6,"QB","nyj",6500,6.44
"636",6,"QB","phi",6904.6740442517,32.52
"637",6,"QB","pit",7608.79119397818,10.92
"638",6,"QB","sfo",6600,23.52
"639",6,"QB","tam",7479.78435674145,14.84
"640",6,"QB","ten",7300,29.56
"641",6,"QB","was",6400,17
"642",6,"RB","ari",6089.30817585341,31.8
"643",6,"RB","atl",5847.22220216049,14.4
"644",6,"RB","bal",4927.58620732461,14.5
"645",6,"RB","buf",6133.33326777778,6
"646",6,"RB","car",6718.30983341599,14.2
"647",6,"RB","chi",5899.99998803419,11.7
"648",6,"RB","cin",5921.07437287924,24.2
"649",6,"RB","cle",6292.78346524604,9.7
"650",6,"RB","dal",7437.06291320847,14.3
"651",6,"RB","den",5048.52941105104,13.6
"652",6,"RB","det",5405.66502384977,40.6
"653",6,"RB","gnb",7195.02760560728,18.1
"654",6,"RB","hou",6207.99996778667,15
"655",6,"RB","ind",6671.50535959938,18.6
"656",6,"RB","jac",6150.30672085137,16.3
"657",6,"RB","kan",6358.65383853858,31.2
"658",6,"RB","lar",5913.17828496485,12.9
"659",6,"RB","mia",5516.21620289262,18.5
"660",6,"RB","min",6112.06890778835,5.8
"661",6,"RB","nwe",5326.06060361065,16.5
"662",6,"RB","nyg",5444.15581718671,7.7
"663",6,"RB","nyj",4778.65168406767,17.8
"664",6,"RB","phi",7180.88229762111,13.6
"665",6,"RB","pit",6174.43606965346,26.6
"666",6,"RB","sfo",5743.67815129475,17.4
"667",6,"RB","tam",5636.72130685192,30.5
"668",6,"RB","ten",8304.72101520566,46.6
"669",6,"RB","was",5257.35293886246,20.4
"670",6,"TE","ari",4300,0
"671",6,"TE","atl",5400,13.7
"672",6,"TE","bal",4880.5755535169,13.9
"673",6,"TE","buf",4499.99996666667,1.2
"674",6,"TE","car",4379.9999976,2.5
"675",6,"TE","chi",4614.76509970272,14.9
"676",6,"TE","cin",4700,0
"677",6,"TE","cle",5024.76189834014,10.5
"678",6,"TE","dal",5199.99998363636,5.5
"679",6,"TE","den",4499.99999818182,5.5
"680",6,"TE","det",5607.36841142382,9.5
"681",6,"TE","gnb",6199.99991250001,4
"682",6,"TE","hou",5100,17.5
"683",6,"TE","ind",4759.36395788435,28.3
"684",6,"TE","jac",4500,0
"685",6,"TE","kan",7900,19
"686",6,"TE","lar",5291.15043997964,11.3
"687",6,"TE","mia",4164.61539182643,19.5
"688",6,"TE","min",4378.9808919875,15.7
"689",6,"TE","nwe",4100,3.3
"690",6,"TE","nyg",4957.14285408163,7
"691",6,"TE","nyj",4100.00002222222,2.7
"692",6,"TE","phi",5256.56565542292,9.9
"693",6,"TE","pit",5199.99994736843,1.9
"694",6,"TE","sfo",6899.9999872549,20.4
"695",6,"TE","tam",4990.64327379365,17.1
"696",6,"TE","ten",4509.090914207,23.1
"697",6,"TE","was",4800,11.7
"698",6,"WR","ari",6313.39284831261,33.6
"699",6,"WR","atl",7837.20506275276,55.1
"700",6,"WR","bal",5438.06816937306,17.6
"701",6,"WR","buf",6087.5886371435,28.2
"702",6,"WR","car",6497.42485972296,23.3
"703",6,"WR","chi",5942.1686466686,16.6
"704",6,"WR","cin",5523.30096543736,41.2
"705",6,"WR","cle",5318.45237623654,16.8
"706",6,"WR","dal",6738.1766265217,35.1
"707",6,"WR","den",5426.16277714643,17.2
"708",6,"WR","det",6443.36733125781,19.6
"709",6,"WR","gnb",7400.62887482299,15.9
"710",6,"WR","hou",6030.12551600287,47.8
"711",6,"WR","ind",4809.48012340244,32.7
"712",6,"WR","jac",5878.62068450654,29
"713",6,"WR","kan",5734.73683961219,19
"714",6,"WR","lar",5889.41605274788,27.4
"715",6,"WR","mia",5411.65047538882,20.6
"716",6,"WR","min",6213.5999948912,50
"717",6,"WR","nwe",5323.13431213801,10.72
"718",6,"WR","nyg",5742.65732538021,14.3
"719",6,"WR","nyj",5642.78605813965,20.1
"720",6,"WR","phi",5122.34956787465,34.9
"721",6,"WR","pit",5260.00000264615,32.5
"722",6,"WR","sfo",5402.34113106453,29.9
"723",6,"WR","tam",6393.56724053897,17.1
"724",6,"WR","ten",5537.04544889721,44
"725",6,"WR","was",5428.20512262492,31.2
"726",7,"QB","ari",8400,38.1
"727",7,"QB","atl",7800,17.52
"728",7,"QB","buf",8800,16.38
"729",7,"QB","car",6800,19.16
"730",7,"QB","chi",6800,8.44
"731",7,"QB","cin",7100,34.64
"732",7,"QB","cle",7000,30.78
"733",7,"QB","dal",6837.20929313142,5.16
"734",7,"QB","den",6899.99999465241,14.96
"735",7,"QB","det",7300,18.4
"736",7,"QB","gnb",8107.7149077317,27.22
"737",7,"QB","hou",8000,24.16
"738",7,"QB","jac",7200,19.02
"739",7,"QB","kan",7965.06549710627,18.32
"740",7,"QB","lac",7501.56087017918,38.44
"741",7,"QB","lar",7500,16.86
"742",7,"QB","lvr",6900,20.26
"743",7,"QB","nor",7700,23.68
"744",7,"QB","nwe",7043.58973745343,4.68
"745",7,"QB","nyg",6600,21.68
"746",7,"QB","nyj",6700,2.8
"747",7,"QB","phi",7391.02209502056,28.96
"748",7,"QB","pit",7400,15.62
"749",7,"QB","sea",8700,32.92
"750",7,"QB","sfo",6600,9.48
"751",7,"QB","tam",7400,36.86
"752",7,"QB","ten",7300,17.3
"753",7,"QB","was",6700,16.86
"754",7,"RB","ari",5920.35398256324,22.6
"755",7,"RB","atl",6302.33461241503,25.7
"756",7,"RB","buf",5568.29267272457,16.4
"757",7,"RB","car",7379.71007334594,6.9
"758",7,"RB","chi",5999.99998404255,9.4
"759",7,"RB","cin",4782.81249861654,19.2
"760",7,"RB","cle",7063.3332947037,18
"761",7,"RB","dal",7971.08427574394,8.3
"762",7,"RB","den",6271.09004259114,21.1
"763",7,"RB","det",5992.63802774286,16.3
"764",7,"RB","gnb",4973.17072722189,20.5
"765",7,"RB","hou",5791.94310682599,21.1
"766",7,"RB","jac",6399.99998080808,29.7
"767",7,"RB","kan",6614.52511699385,17.9
"768",7,"RB","lac",6089.02437160916,16.4
"769",7,"RB","lar",5726.47057938293,20.4
"770",7,"RB","lvr",5824.99998583333,12
"771",7,"RB","nor",8320.08028240835,24.9
"772",7,"RB","nwe",5470.19866767686,15.1
"773",7,"RB","nyg",4846.00000210667,15
"774",7,"RB","nyj",4897.2972957195,18.5
"775",7,"RB","phi",4581.06796046988,20.6
"776",7,"RB","pit",6340.20097537183,19.9
"777",7,"RB","sea",5452.76595419647,23.5
"778",7,"RB","sfo",4895.08196745834,48.8
"779",7,"RB","tam",5765.78947018698,22.8
"780",7,"RB","ten",8838.88882905093,14.4
"781",7,"RB","was",5448.05653376618,28.3
"782",7,"TE","ari",4400,6.7
"783",7,"TE","atl",5600,9.8
"784",7,"TE","buf",4500,8.4
"785",7,"TE","car",4599.99996875,1.6
"786",7,"TE","chi",4693.38235088127,13.6
"787",7,"TE","cin",4700,7.7
"788",7,"TE","cle",4431.46853159812,28.6
"789",7,"TE","dal",5199.999971875,3.2
"790",7,"TE","den",5229.72973203068,14.8
"791",7,"TE","det",5899.99999097222,14.4
"792",7,"TE","gnb",4909.67742073361,12.4
"793",7,"TE","hou",4700,0
"794",7,"TE","jac",4300,4.7
"795",7,"TE","kan",7900,4.6
"796",7,"TE","lac",4756.000004704,12.5
"797",7,"TE","lar",4700,10.8
"798",7,"TE","lvr",6625.16553327486,15.1
"799",7,"TE","nor",5957.62708109739,11.8
"800",7,"TE","nwe",4100,1.3
"801",7,"TE","nyg",5699.99997974684,7.9
"802",7,"TE","nyj",4266.66666666667,0
"803",7,"TE","phi",4499.99999652174,11.5
"804",7,"TE","pit",4892.30768764793,10.4
"805",7,"TE","sea",4651.32743403555,11.3
"806",7,"TE","sfo",7099.999965,8
"807",7,"TE","tam",5359.37499738281,16
"808",7,"TE","ten",5541.93548761707,3.1
"809",7,"TE","was",5000,14
"810",7,"WR","ari",6701.84048075828,48.9
"811",7,"WR","atl",7636.8811638087,40.4
"812",7,"WR","buf",5746.71531613032,27.4
"813",7,"WR","car",6050.92023557153,48.9
"814",7,"WR","chi",5782.72725638017,22
"815",7,"WR","cin",5661.54660492712,56.64
"816",7,"WR","cle",4737.90776785256,35.56
"817",7,"WR","dal",7786.77677905881,12.1
"818",7,"WR","den",5117.75147521445,16.9
"819",7,"WR","det",6326.68710856826,32.6
"820",7,"WR","gnb",8114.8068395407,46.6
"821",7,"WR","hou",5756.24999536133,38.4
"822",7,"WR","jac",5412.12120821855,19.8
"823",7,"WR","kan",6428.38708276795,31
"824",7,"WR","lac",5714.92890598425,42.2
"825",7,"WR","lar",5965.7142802551,28
"826",7,"WR","lvr",5082.52427142363,30.9
"827",7,"WR","nor",4720.24539883135,32.6
"828",7,"WR","nwe",4858.33333825757,13.2
"829",7,"WR","nyg",5283.91608414103,28.6
"830",7,"WR","nyj",4643.50649339265,15.4
"831",7,"WR","phi",5463.36087718963,36.3
"832",7,"WR","pit",6045.50264449203,37.8
"833",7,"WR","sea",7068.80569683561,56.1
"834",7,"WR","sfo",5459.9173462827,24.2
"835",7,"WR","tam",6220.07796997975,51.3
"836",7,"WR","ten",6179.59182551541,39.2
"837",7,"WR","was",6768.86790657262,21.2
"838",8,"QB","atl",8000,18.94
"839",8,"QB","bal",8300,16.82
"840",8,"QB","buf",8200,13.46
"841",8,"QB","car",7288.14588695827,13.16
"842",8,"QB","chi",6695.04950335479,18.18
"843",8,"QB","cin",7600,18.86
"844",8,"QB","cle",7200,7.78
"845",8,"QB","dal",6500,5.4
"846",8,"QB","den",7000,20.82
"847",8,"QB","det",7200,23.44
"848",8,"QB","gnb",8400,22.54
"849",8,"QB","ind",6900,22.28
"850",8,"QB","kan",9141.69345368867,37.32
"851",8,"QB","lac",7700,23.22
"852",8,"QB","lar",7300,12.2
"853",8,"QB","lvr",7300,12.58
"854",8,"QB","mia",6800,5.72
"855",8,"QB","min",7100,10.4
"856",8,"QB","nor",7600,19.6
"857",8,"QB","nwe",7400,18.36
"858",8,"QB","nyg",6900,18.24
"859",8,"QB","nyj",6500,7.42
"860",8,"QB","phi",7454.09834874138,10.98
"861",8,"QB","pit",7100,15.28
"862",8,"QB","sea",8700,28.74
"863",8,"QB","sfo",6254.43787125801,20.28
"864",8,"QB","tam",7700,19.06
"865",8,"QB","ten",7500,18.32
"866",8,"RB","atl",6289.07101717878,18.3
"867",8,"RB","bal",4830.7692284869,27.3
"868",8,"RB","buf",5497.65100371492,29.8
"869",8,"RB","car",8399.99991097561,8.2
"870",8,"RB","chi",5725.40982663262,12.2
"871",8,"RB","cin",5519.23076782544,31.2
"872",8,"RB","cle",7650.50496462606,9.9
"873",8,"RB","dal",6855.26314167244,15.2
"874",8,"RB","den",6236.40350478416,22.8
"875",8,"RB","det",5340.71428984184,14
"876",8,"RB","gnb",6417.47571479404,20.6
"877",8,"RB","ind",4989.44954548544,43.6
"878",8,"RB","kan",6181.95487197128,13.3
"879",8,"RB","lac",5158.02139055592,37.4
"880",8,"RB","lar",5437.56613253828,18.9
"881",8,"RB","lvr",6635.12192711957,20.5
"882",8,"RB","mia",5531.91487498114,14.1
"883",8,"RB","min",9136.21395847517,48.6
"884",8,"RB","nor",8278.8234901361,25.5
"885",8,"RB","nwe",5418.51851368694,24.3
"886",8,"RB","nyg",4990.3614419219,24.9
"887",8,"RB","nyj",4998.98989700031,9.9
"888",8,"RB","phi",6367.21309342919,12.2
"889",8,"RB","pit",6883.0881704747,13.6
"890",8,"RB","sea",4596.90265579333,22.6
"891",8,"RB","sfo",5605.63909277235,26.6
"892",8,"RB","tam",6039.39393168044,13.2
"893",8,"RB","ten",8222.94369623883,23.1
"894",8,"TE","atl",5900,7.9
"895",8,"TE","bal",6999.99993829787,4.7
"896",8,"TE","buf",4799.99991875002,1.6
"897",8,"TE","car",4577.77777119342,5.4
"898",8,"TE","chi",5166.66661666667,3
"899",8,"TE","cin",4600,0
"900",8,"TE","cle",5000,4.4
"901",8,"TE","dal",5199.99998915663,8.3
"902",8,"TE","den",5225.64102531229,15.6
"903",8,"TE","det",5671.8749934082,12.8
"904",8,"TE","gnb",5308.48484045179,16.5
"905",8,"TE","ind",5036.28318580155,22.6
"906",8,"TE","kan",7726.48400249786,21.9
"907",8,"TE","lac",5599.99998113208,5.3
"908",8,"TE","lar",4855.55556159122,8.1
"909",8,"TE","lvr",5877.38092461735,8.4
"910",8,"TE","mia",4566.66667435897,3.9
"911",8,"TE","min",4455.26315761773,3.8
"912",8,"TE","nor",5207.42048788098,28.3
"913",8,"TE","nwe",4100,3.4
"914",8,"TE","nyg",5454.71697066572,10.6
"915",8,"TE","nyj",4400.00005000001,-1.2
"916",8,"TE","phi",5499.99993500001,2
"917",8,"TE","pit",5099.99999296875,12.8
"918",8,"TE","sea",4500.00000909091,3.3
"919",8,"TE","sfo",5519.23077585799,13
"920",8,"TE","tam",5383.13252791407,16.6
"921",8,"TE","ten",5396.47058949481,8.5
"922",8,"WR","atl",7663.54163339844,28.8
"923",8,"WR","bal",4904.20420262695,33.3
"924",8,"WR","buf",6549.45050935877,18.2
"925",8,"WR","car",5977.1084280556,33.2
"926",8,"WR","chi",5741.22621076928,47.3
"927",8,"WR","cin",5805.8679634836,40.9
"928",8,"WR","cle",5737.36260234271,9.1
"929",8,"WR","dal",5936.64595538366,16.1
"930",8,"WR","den",4922.4489790385,34.3
"931",8,"WR","det",5071.54255934529,37.6
"932",8,"WR","gnb",8028.73235959532,35.5
"933",8,"WR","ind",4886.53846004684,15.6
"934",8,"WR","kan",6395.23808887325,60.9
"935",8,"WR","lac",6589.31504784688,36.5
"936",8,"WR","lar",6697.84734835766,51.1
"937",8,"WR","lvr",5191.1999962816,12.5
"938",8,"WR","mia",5238.29786706655,18.8
"939",8,"WR","min",6620.19225672153,10.4
"940",8,"WR","nor",4950.37036109739,13.5
"941",8,"WR","nwe",4616.12903128685,18.6
"942",8,"WR","nyg",5687.00527391814,30.32
"943",8,"WR","nyj",4712.76595664328,18.8
"944",8,"WR","phi",5985.57691625678,31.2
"945",8,"WR","pit",6241.81817605785,22
"946",8,"WR","sea",7056.89319664549,51.5
"947",8,"WR","sfo",5467.25662850654,33.9
"948",8,"WR","tam",6393.38841705143,24.2
"949",8,"WR","ten",5999.99999195402,34.8
"950",9,"QB","ari",8600,37.92
"951",9,"QB","atl",7600,23.36
"952",9,"QB","bal",8100,18.6
"953",9,"QB","buf",8200,36
"954",9,"QB","car",7300,28.3
"955",9,"QB","chi",6800,21.6
"956",9,"QB","dal",6300,15.52
"957",9,"QB","den",7200,30.22
"958",9,"QB","det",6884.74576118931,17.7
"959",9,"QB","gnb",8107.29165932436,28.8
"960",9,"QB","hou",8300,24.24
"961",9,"QB","ind",6899.99998886139,8.08
"962",9,"QB","jac",6500,22.46
"963",9,"QB","kan",9300,30.88
"964",9,"QB","lac",7899.99999317406,23.44
"965",9,"QB","lvr",7000,14
"966",9,"QB","mia",6700,21.42
"967",9,"QB","min",7100,20.8
"968",9,"QB","nor",7686.61416590889,22.86
"969",9,"QB","nwe",7600,24.56
"970",9,"QB","nyg",6900,12.88
"971",9,"QB","nyj",6300,21.48
"972",9,"QB","pit",7691.89188519959,25.16
"973",9,"QB","sea",9000,24.1
"974",9,"QB","sfo",6500,12.64
"975",9,"QB","tam",7834.2204967977,5.26
"976",9,"QB","ten",7400,14.62
"977",9,"QB","was",6290.29126468093,16.48
"978",9,"RB","ari",7052.9914341369,11.7
"979",9,"RB","atl",6579.99996586667,15
"980",9,"RB","bal",5365.11626542275,12.9
"981",9,"RB","buf",5800,16.7
"982",9,"RB","car",9224.80415039369,38.3
"983",9,"RB","chi",4916.4473728099,15.2
"984",9,"RB","dal",6624.64786990181,14.2
"985",9,"RB","den",6223.63633689256,5.5
"986",9,"RB","det",5581.5999946944,25
"987",9,"RB","gnb",6578.43136208189,20.4
"988",9,"RB","hou",5014.76510430161,14.9
"989",9,"RB","ind",5919.999998,18
"990",9,"RB","jac",6605.06910914651,21.7
"991",9,"RB","kan",6750.399938784,12.5
"992",9,"RB","lac",4746.25407594457,30.7
"993",9,"RB","lvr",6094.64882013848,29.9
"994",9,"RB","mia",4500,13.8
"995",9,"RB","min",7985.13008935753,53.8
"996",9,"RB","nor",7453.0516112103,21.3
"997",9,"RB","nwe",5347.2527458278,27.3
"998",9,"RB","nyg",5078.08764457231,25.1
"999",9,"RB","nyj",5123.0769182117,11.7
"1000",9,"RB","pit",6269.84122413706,6.3
"1001",9,"RB","sea",5146.56862431517,20.4
"1002",9,"RB","sfo",5569.71428109061,17.5
"1003",9,"RB","tam",6058.6538479105,10.4
"1004",9,"RB","ten",8348.71785838265,7.8
"1005",9,"RB","was",5664.13501648774,23.7
"1006",9,"TE","ari",4300,2.1
"1007",9,"TE","atl",5600,9.7
"1008",9,"TE","bal",4998.058259261,10.3
"1009",9,"TE","buf",4699.99998939394,6.6
"1010",9,"TE","car",4600,1.3
"1011",9,"TE","chi",5299.99998551724,14.5
"1012",9,"TE","dal",5100,6.8
"1013",9,"TE","den",5666.66665925926,7.2
"1014",9,"TE","det",5934.10851497506,12.9
"1015",9,"TE","gnb",4526.82928316478,8.2
"1016",9,"TE","hou",5021.53844669823,6.5
"1017",9,"TE","ind",5079.71014725898,6.9
"1018",9,"TE","jac",4431.7073138608,8.2
"1019",9,"TE","kan",7999.99998133971,20.9
"1020",9,"TE","lac",5599.99997735849,5.3
"1021",9,"TE","lvr",6306.24996322545,11.2
"1022",9,"TE","mia",4944.44442921811,8.1
"1023",9,"TE","min",4543.58974314267,19.5
"1024",9,"TE","nor",4401.00883100872,31.72
"1025",9,"TE","nwe",4100,0
"1026",9,"TE","nyg",5375.34245787202,14.6
"1027",9,"TE","nyj",4100.00000526316,3.8
"1028",9,"TE","pit",5319.23075924556,10.4
"1029",9,"TE","sea",4449.64029029553,13.9
"1030",9,"TE","sfo",4767.99999685333,7.5
"1031",9,"TE","tam",5799.99984285719,0.7
"1032",9,"TE","ten",5499.99999705882,13.6
"1033",9,"TE","was",5000,4.3
"1034",9,"WR","ari",6014.98558739214,34.7
"1035",9,"WR","atl",5766.38115389314,46.7
"1036",9,"WR","bal",5360.799985568,12.5
"1037",9,"WR","buf",5742.21104958882,59.7
"1038",9,"WR","car",5882.90816016699,39.2
"1039",9,"WR","chi",5663.63635547854,34.1
"1040",9,"WR","dal",6106.14333504875,29.3
"1041",9,"WR","den",5326.75158867567,47.1
"1042",9,"WR","det",5412.65822452331,31.6
"1043",9,"WR","gnb",7600.20701883844,48.3
"1044",9,"WR","hou",6521.63587095467,37.9
"1045",9,"WR","ind",4906.2745097055,25.5
"1046",9,"WR","jac",5846.49859122551,35.7
"1047",9,"WR","kan",7322.37441070349,43.8
"1048",9,"WR","lac",6690.54051907232,37
"1049",9,"WR","lvr",5068.29268126115,20.5
"1050",9,"WR","mia",5208.76712236968,36.5
"1051",9,"WR","min",7140.15741967884,12.7
"1052",9,"WR","nor",6234.21828474604,33.9
"1053",9,"WR","nwe",5023.59881742066,33.9
"1054",9,"WR","nyg",5052.65700622885,20.7
"1055",9,"WR","nyj",5360.633483477,44.2
"1056",9,"WR","pit",6088.75255510223,48.9
"1057",9,"WR","sea",6940.82125008868,41.4
"1058",9,"WR","sfo",4500,32.6
"1059",9,"WR","tam",7063.13363034254,21.7
"1060",9,"WR","ten",7422.39578327094,19.2
"1061",9,"WR","was",6039.02438114879,36.9
"1062",10,"QB","ari",8800,30.9
"1063",10,"QB","bal",8100,22.46
"1064",10,"QB","buf",8700,28.86
"1065",10,"QB","car",6976.6081824892,20.52
"1066",10,"QB","chi",7000,3.44
"1067",10,"QB","cin",7200,12.52
"1068",10,"QB","cle",7000,5.38
"1069",10,"QB","den",7100,10.98
"1070",10,"QB","det",7300,23.04
"1071",10,"QB","gnb",8400,26.4
"1072",10,"QB","hou",8300,14.12
"1073",10,"QB","ind",6579.75133055283,22.52
"1074",10,"QB","jac",6700,9.76
"1075",10,"QB","lac",8000,21.48
"1076",10,"QB","lar",7400,10.48
"1077",10,"QB","lvr",6900,7.16
"1078",10,"QB","mia",6800,14.66
"1079",10,"QB","min",7100,18.58
"1080",10,"QB","nor",7199.13606049382,9.26
"1081",10,"QB","nwe",7700,16.82
"1082",10,"QB","nyg",6700,22.16
"1083",10,"QB","phi",7516.24128268582,8.62
"1084",10,"QB","pit",7399.9999952251,29.32
"1085",10,"QB","sea",8900,11.92
"1086",10,"QB","sfo",6599.99999753695,12.18
"1087",10,"QB","tam",7799.99999434673,31.84
"1088",10,"QB","ten",7500,10.78
"1089",10,"QB","was",6500,16
"1090",10,"RB","ari",6544.08601057926,18.6
"1091",10,"RB","bal",5439.73508875049,15.1
"1092",10,"RB","buf",5718.91891789628,3.7
"1093",10,"RB","car",5147.19099450827,8.9
"1094",10,"RB","chi",5300,2.3
"1095",10,"RB","cin",5359.73153973695,14.9
"1096",10,"RB","cle",7890.99097127939,33.3
"1097",10,"RB","den",5811.90476028912,8.4
"1098",10,"RB","det",5886.02940130839,27.2
"1099",10,"RB","gnb",7511.11109478114,19.8
"1100",10,"RB","hou",5731.57888374885,5.7
"1101",10,"RB","ind",5645.67164406861,33.5
"1102",10,"RB","jac",7087.87875254821,13.2
"1103",10,"RB","lac",5235.18517752629,16.2
"1104",10,"RB","lar",5544.79494864612,31.7
"1105",10,"RB","lvr",6511.57023895397,48.4
"1106",10,"RB","mia",4808.92018480901,21.3
"1107",10,"RB","min",8945.63747296519,14.9
"1108",10,"RB","nor",8383.78375558072,37
"1109",10,"RB","nwe",5576.53333118364,37.5
"1110",10,"RB","nyg",5413.41462457862,24.6
"1111",10,"RB","phi",6406.07902547648,32.9
"1112",10,"RB","pit",7137.14271877552,7
"1113",10,"RB","sea",5463.99998677333,7.5
"1114",10,"RB","sfo",5331.99998805333,7.5
"1115",10,"RB","tam",6399.99999363958,28.3
"1116",10,"RB","ten",7278.94734481379,17.1
"1117",10,"RB","was",5704.34782279064,36.8
"1118",10,"TE","ari",4300.0000037037,5.4
"1119",10,"TE","bal",6202.85712470748,10.5
"1120",10,"TE","buf",4499.99997307693,2.6
"1121",10,"TE","car",4400,1.2
"1122",10,"TE","chi",4500.00006666665,1.2
"1123",10,"TE","cin",4400,1.4
"1124",10,"TE","cle",5099.99996250001,1.6
"1125",10,"TE","den",5699.99996060606,3.3
"1126",10,"TE","det",5340.4761861678,4.2
"1127",10,"TE","gnb",5699.99994375,4.8
"1128",10,"TE","hou",4314.87604177993,12.1
"1129",10,"TE","ind",5267.1232872021,7.3
"1130",10,"TE","jac",4599.99998,2.5
"1131",10,"TE","lac",5345.31249382324,12.8
"1132",10,"TE","lar",4968.74999787946,11.2
"1133",10,"TE","lvr",6999.9998923077,5.2
"1134",10,"TE","mia",4611.11111089325,15.3
"1135",10,"TE","min",4400,6.3
"1136",10,"TE","nor",4500.00003599999,2.5
"1137",10,"TE","nwe",4100,2.5
"1138",10,"TE","nyg",4897.87233838841,4.7
"1139",10,"TE","phi",5258.64661791509,13.3
"1140",10,"TE","pit",5400,4.8
"1141",10,"TE","sea",4586.6666672,7.5
"1142",10,"TE","sfo",5000,11.4
"1143",10,"TE","tam",5399.55947092899,22.7
"1144",10,"TE","ten",5873.68420055402,9.5
"1145",10,"TE","was",4900,8.6
"1146",10,"WR","ari",7754.01926183249,31.1
"1147",10,"WR","bal",5108.19112511619,29.3
"1148",10,"WR","buf",6246.48759275927,58.08
"1149",10,"WR","car",6683.19669911482,24.4
"1150",10,"WR","chi",5552.91478871081,22.3
"1151",10,"WR","cin",6178.5454303643,27.5
"1152",10,"WR","cle",5606.76690806716,13.3
"1153",10,"WR","den",5292.1686724071,33.2
"1154",10,"WR","det",5495.36784364722,36.7
"1155",10,"WR","gnb",7057.33332232178,37.5
"1156",10,"WR","hou",6121.60802508523,19.9
"1157",10,"WR","ind",5203.04053947567,29.6
"1158",10,"WR","jac",5387.3111742098,33.1
"1159",10,"WR","lac",6737.86403918843,20.6
"1160",10,"WR","lar",6133.44827011296,29
"1161",10,"WR","lvr",5100.76335416934,13.1
"1162",10,"WR","mia",4944.70588568166,17
"1163",10,"WR","min",6886.71873220418,38.4
"1164",10,"WR","nor",6902.81682233684,7.1
"1165",10,"WR","nwe",5399.99998802395,13.36
"1166",10,"WR","nyg",5606.46387097977,26.3
"1167",10,"WR","phi",5486.11110951003,14.4
"1168",10,"WR","pit",5990.82125497056,62.1
"1169",10,"WR","sea",6610.52631223873,20.9
"1170",10,"WR","sfo",6178.16592012738,22.9
"1171",10,"WR","tam",7118.04509697175,39.9
"1172",10,"WR","ten",5991.17645179498,13.6
"1173",10,"WR","was",5522.10242294229,37.1
"1174",11,"QB","ari",9099.99998469891,20.26
"1175",11,"QB","atl",7800,7.28
"1176",11,"QB","bal",8400,17.54
"1177",11,"QB","car",6500,12.12
"1178",11,"QB","cin",7433.97912691536,13.42
"1179",11,"QB","cle",7000,7.06
"1180",11,"QB","dal",6900,19.82
"1181",11,"QB","den",6800,12.1
"1182",11,"QB","det",7500,7.62
"1183",11,"QB","gnb",9000,22.74
"1184",11,"QB","hou",7700,31.36
"1185",11,"QB","ind",6961.40651405312,23.32
"1186",11,"QB","jac",6500,2.04
"1187",11,"QB","kan",9200,22.52
"1188",11,"QB","lac",8500,27.74
"1189",11,"QB","lar",7200,25.04
"1190",11,"QB","lvr",7000,22.6
"1191",11,"QB","mia",6515.5172402497,11.6
"1192",11,"QB","min",7100,22.96
"1193",11,"QB","nor",4500,24.42
"1194",11,"QB","nwe",7600,19.2
"1195",11,"QB","nyj",6100,15.4
"1196",11,"QB","phi",7354.11763995156,17
"1197",11,"QB","pit",8046.29628418639,17.28
"1198",11,"QB","sea",8800,20.08
"1199",11,"QB","tam",7900,14.64
"1200",11,"QB","ten",7284.26965743933,23.14
"1201",11,"QB","was",6600,9.34
"1202",11,"RB","ari",6108.17843262255,26.9
"1203",11,"RB","atl",5792.42420955005,6.6
"1204",11,"RB","bal",5452.33159916239,19.3
"1205",11,"RB","car",6976.4044606426,17.8
"1206",11,"RB","cin",5888.11879045192,10.1
"1207",11,"RB","cle",7497.99998453,20
"1208",11,"RB","dal",6736.84209568906,30.4
"1209",11,"RB","den",6091.72931701057,26.6
"1210",11,"RB","det",4881.81817809917,6.6
"1211",11,"RB","gnb",7187.49999622845,23.2
"1212",11,"RB","hou",5541.66664548611,7.2
"1213",11,"RB","ind",5744.44444389575,24.3
"1214",11,"RB","jac",6780.64512869407,12.4
"1215",11,"RB","kan",6114.99998595588,34
"1216",11,"RB","lac",5515.2777648534,14.4
"1217",11,"RB","lar",5556.61764245242,13.6
"1218",11,"RB","lvr",6889.34909190505,16.9
"1219",11,"RB","mia",5235.0649257126,15.4
"1220",11,"RB","min",10385.7141916512,23.1
"1221",11,"RB","nor",7467.49996965,20
"1222",11,"RB","nwe",5586.22046911464,25.4
"1223",11,"RB","nyj",5069.00368890402,27.1
"1224",11,"RB","phi",6547.51772911322,14.1
"1225",11,"RB","pit",6140.62498092448,19.2
"1226",11,"RB","sea",5231.09243225055,23.8
"1227",11,"RB","tam",5946.08694749338,11.5
"1228",11,"RB","ten",8064.3901779417,20.5
"1229",11,"RB","was",6031.67259254442,28.1
"1230",11,"TE","ari",4391.66666589506,10.8
"1231",11,"TE","atl",5500,0
"1232",11,"TE","bal",6500,18.1
"1233",11,"TE","car",4500,0
"1234",11,"TE","cin",4600,3.9
"1235",11,"TE","cle",5099.99998541667,4.8
"1236",11,"TE","dal",5000,10.5
"1237",11,"TE","den",5232.11008656679,10.9
"1238",11,"TE","det",5858.33331857639,9.6
"1239",11,"TE","gnb",5245.55554701852,18
"1240",11,"TE","hou",4796.64804307294,17.9
"1241",11,"TE","ind",4983.13953401501,17.2
"1242",11,"TE","jac",4600,4.2
"1243",11,"TE","kan",7836.54650639944,23.86
"1244",11,"TE","lac",5499.999990625,12.8
"1245",11,"TE","lar",4867.81609269388,8.7
"1246",11,"TE","lvr",6257.83131135143,24.9
"1247",11,"TE","mia",5299.99996825397,6.3
"1248",11,"TE","min",4760.52631682825,7.6
"1249",11,"TE","nor",4797.14287730612,3.5
"1250",11,"TE","nwe",4399.99999710145,6.9
"1251",11,"TE","nyj",4299.99999803922,10.2
"1252",11,"TE","phi",5462.85714240816,28
"1253",11,"TE","pit",5400,11.6
"1254",11,"TE","sea",4634.78260863264,6.9
"1255",11,"TE","tam",5471.23287750047,7.3
"1256",11,"TE","ten",5453.59476923406,15.3
"1257",11,"TE","was",5199.9999388889,1.8
"1258",11,"WR","ari",6590.73357855727,25.9
"1259",11,"WR","atl",6489.13736762037,31.3
"1260",11,"WR","bal",4799.13044352363,11.5
"1261",11,"WR","car",6356.16437492963,43.8
"1262",11,"WR","cin",6006.30914090995,31.7
"1263",11,"WR","cle",5100.00000196078,20.4
"1264",11,"WR","dal",6058.62068121284,31.9
"1265",11,"WR","den",5475.69720446818,25.1
"1266",11,"WR","det",5847.41377077883,11.6
"1267",11,"WR","gnb",8318.815277307,28.7
"1268",11,"WR","hou",5844.62365128194,37.2
"1269",11,"WR","ind",5333.11475126041,30.5
"1270",11,"WR","jac",5714.78258196597,11.5
"1271",11,"WR","kan",7295.61401234482,34.2
"1272",11,"WR","lac",6870.72163170241,48.5
"1273",11,"WR","lar",6515.2212319007,56.5
"1274",11,"WR","lvr",5174.27535879936,27.6
"1275",11,"WR","mia",5893.68420009972,19
"1276",11,"WR","min",7374.23578870922,45.8
"1277",11,"WR","nor",6993.96224162335,26.5
"1278",11,"WR","nwe",5356.72042489161,37.2
"1279",11,"WR","nyj",5629.87551045953,24.1
"1280",11,"WR","phi",5655.04585894285,10.9
"1281",11,"WR","pit",6354.91803027412,36.6
"1282",11,"WR","sea",7840.25972317845,30.8
"1283",11,"WR","tam",6906.84208910249,38
"1284",11,"WR","ten",6393.57796707067,32.7
"1285",11,"WR","was",5876.56902308433,23.9
"1286",12,"QB","ari",9100,8.9
"1287",12,"QB","atl",7644.1379193912,14.5
"1288",12,"QB","buf",8599.9999848301,16.48
"1289",12,"QB","car",7000,14.88
"1290",12,"QB","chi",6400,20.78
"1291",12,"QB","cin",6000,7.14
"1292",12,"QB","cle",6900,18.42
"1293",12,"QB","dal",6800,13.3
"1294",12,"QB","den",6000,-0.78
"1295",12,"QB","det",7200,17.1
"1296",12,"QB","gnb",8599.99998985959,25.64
"1297",12,"QB","hou",8700,33.12
"1298",12,"QB","ind",6483.601285636,31.1
"1299",12,"QB","jac",6200,18
"1300",12,"QB","kan",9000,31.28
"1301",12,"QB","lac",8400,17.44
"1302",12,"QB","lar",7000,5.02
"1303",12,"QB","lvr",6502.85714555102,3.5
"1304",12,"QB","mia",7400,19.28
"1305",12,"QB","min",7100,26.18
"1306",12,"QB","nor",7299.99999838013,18.52
"1307",12,"QB","nwe",7700,5.96
"1308",12,"QB","nyg",7011.65047877588,12.36
"1309",12,"QB","nyj",6500,6.78
"1310",12,"QB","phi",7582.03592083797,20.04
"1311",12,"QB","sea",8800,14.4
"1312",12,"QB","sfo",6600,9.08
"1313",12,"QB","tam",7900,23.7
"1314",12,"QB","ten",7540.23604302322,18.64
"1315",12,"QB","was",6700,9.06
"1316",12,"RB","ari",6113.40205553194,29.1
"1317",12,"RB","atl",4804.76190421769,21
"1318",12,"RB","buf",5544.57142266449,17.5
"1319",12,"RB","car",6450.37033850755,13.5
"1320",12,"RB","chi",5932.09876146421,24.3
"1321",12,"RB","cin",5676.82924840869,8.2
"1322",12,"RB","cle",8043.45046475926,31.3
"1323",12,"RB","dal",6557.14282908163,5.6
"1324",12,"RB","den",5413.86139067739,10.1
"1325",12,"RB","det",5157.8595295198,29.9
"1326",12,"RB","gnb",6625.00000197368,22.8
"1327",12,"RB","hou",5741.58877698707,21.4
"1328",12,"RB","ind",5456.52173810124,20.7
"1329",12,"RB","jac",7399.99998852459,24.4
"1330",12,"RB","kan",6162.79064053543,8.6
"1331",12,"RB","lac",5928.77191889443,28.5
"1332",12,"RB","lar",5544.18604199567,17.2
"1333",12,"RB","lvr",7408.16317092879,4.9
"1334",12,"RB","mia",4583.47826318336,11.5
"1335",12,"RB","min",9981.63244787589,9.8
"1336",12,"RB","nor",5643.94904466307,31.4
"1337",12,"RB","nwe",5549.20634499034,18.9
"1338",12,"RB","nyg",5561.22447630154,19.6
"1339",12,"RB","nyj",5136.93692602873,11.1
"1340",12,"RB","phi",6041.53845519527,13
"1341",12,"RB","sea",7466.07139068878,16.8
"1342",12,"RB","sfo",6017.99999264,20
"1343",12,"RB","tam",6344.82757470698,20.3
"1344",12,"RB","ten",7743.69366707552,44.4
"1345",12,"RB","was",6422.75861570511,43.5
"1346",12,"TE","ari",4357.14285680272,4.2
"1347",12,"TE","atl",5500,6.8
"1348",12,"TE","buf",4367.99999461333,7.5
"1349",12,"TE","car",4400,0.9
"1350",12,"TE","chi",5339.99996966667,6
"1351",12,"TE","cin",4500,4
"1352",12,"TE","cle",5109.8765342021,8.1
"1353",12,"TE","dal",5300,4.9
"1354",12,"TE","den",5699.99982777781,1.8
"1355",12,"TE","det",5802.32555886065,12.9
"1356",12,"TE","gnb",5184.67741429826,24.8
"1357",12,"TE","hou",5199.99975000019,0.4
"1358",12,"TE","ind",5280.8219140927,14.6
"1359",12,"TE","jac",4331.35593082448,11.8
"1360",12,"TE","kan",7999.99996803279,12.2
"1361",12,"TE","lac",5899.99998431373,10.2
"1362",12,"TE","lar",4878.37838495252,3.7
"1363",12,"TE","lvr",7099.99986279071,4.3
"1364",12,"TE","mia",4946.91942824285,21.1
"1365",12,"TE","min",4600,10.3
"1366",12,"TE","nor",4200.00012307689,1.3
"1367",12,"TE","nwe",4350,0
"1368",12,"TE","nyg",5600,13.9
"1369",12,"TE","nyj",4350,0
"1370",12,"TE","phi",5770.46979818477,29.8
"1371",12,"TE","sea",4799.99998571429,2.1
"1372",12,"TE","sfo",5000,3.6
"1373",12,"TE","tam",5830.52631283657,19
"1374",12,"TE","ten",5450,0
"1375",12,"TE","was",4999.99999211909,11.42
"1376",12,"WR","ari",6650.83797316563,17.9
"1377",12,"WR","atl",6300.99666277414,30.1
"1378",12,"WR","buf",5700.96773417482,31
"1379",12,"WR","car",6461.34452743215,35.7
"1380",12,"WR","chi",6146.31577532133,38
"1381",12,"WR","cin",6379.35480969823,15.5
"1382",12,"WR","cle",5508.41423093181,30.9
"1383",12,"WR","dal",6493.08174664966,31.8
"1384",12,"WR","den",5100,-0.8
"1385",12,"WR","det",5088.27838812677,27.3
"1386",12,"WR","gnb",7300.96771256192,31
"1387",12,"WR","hou",6907.74057587665,47.8
"1388",12,"WR","ind",5373.61701131191,23.5
"1389",12,"WR","jac",4816.37630708883,28.7
"1390",12,"WR","kan",7865.12666195882,67.1
"1391",12,"WR","lac",6464.23839011447,30.2
"1392",12,"WR","lar",6506.69454337459,23.9
"1393",12,"WR","lvr",5168.66196850947,28.4
"1394",12,"WR","mia",6041.7840198726,21.3
"1395",12,"WR","min",5669.51219089828,49.2
"1396",12,"WR","nor",6951.48507665915,10.1
"1397",12,"WR","nwe",5642.74190438346,12.4
"1398",12,"WR","nyg",5221.71428280816,17.5
"1399",12,"WR","nyj",5799.59015041991,24.4
"1400",12,"WR","phi",5462.63735150344,9.1
"1401",12,"WR","sea",7674.62685224326,33.5
"1402",12,"WR","sfo",5742.43541213219,27.1
"1403",12,"WR","tam",7183.09035656402,34.3
"1404",12,"WR","ten",7065.5487557081,32.8
"1405",12,"WR","was",7206.87493916016,16
